model,pred_raw,pred_rounded
LinearRegression,1375.3087367241976,1400
Ridge,1375.6390958913357,1400
Polynomial_deg3,1536.3605351324397,1500
Polynomial_deg2,1710.6546114451405,1700
KNNRegressor,1980.0,2000
RandomForest,3386.0,3400
XGBoost,3402.69287109375,3400
DecisionTree,3468.253968253968,3500
