model,pred_raw,pred_rounded
LinearRegression,1375.3396287003548,1400
Ridge,1375.6699319380346,1400
Polynomial_deg3,1538.5577920477706,1500
Polynomial_deg2,1704.6410085582684,1700
KNNRegressor,1980.0,2000
XGBoost,3176.136474609375,3200
RandomForest,3392.0,3400
DecisionTree,3468.253968253968,3500
