model,cv_rmse_raw,cv_rmse_rounded,cv_rmse_hundreds,cv_mae_steps,cv_exact_match,cv_within_±1_step,best_params
RandomForestRegressor,204.92328176858828,208.70578853806856,2.087057885380686,1.45480631276901,0.26398852223816355,0.6451458632233381,"{'max_depth': None, 'min_samples_leaf': 1, 'n_estimators': 100}"
DecisionTreeRegressor,226.27236789962095,228.23213869739175,2.2823213869739174,1.6480153036824485,0.2305117168818747,0.5700621712099474,"{'max_depth': 10, 'min_samples_leaf': 5}"
LinearRegression,430.195536463188,431.0852919475734,4.310852919475734,3.1420373027259685,0.09612625538020086,0.288857006217121,
Ridge,430.0779195445579,431.5786864543081,4.315786864543082,3.1444285031085606,0.09660449545671927,0.29076996652319465,{'ridge__alpha': 50.0}
Polynomial_deg2,740.9554411078831,741.5198888608985,7.415198888608985,3.008130081300813,0.11525585844093734,0.36872309899569583,
Polynomial_deg3,351038.0608265456,351037.09316074976,3510.370931607498,791.4911525585844,0.09038737446197992,0.2802486848397896,
